{
  "spider": "./s9doPjDk.png",
  "wallpaper": "https://api.btstu.cn/sjbz/api.php",
  "logo": "https://13935.kstore.space/b/logo.gif",
  "sites": [
    {
      "key": "腾讯视频",
      "name": "腾讯🥇2K",
      "type": 3,
      "api": "./lib/drpy2.min.js",
      "ext": "./lib/腾讯视频.js"
    },
    {
      "key": "芒果视频",
      "name": "芒果🥇2K",
      "type": 3,
      "api": "./lib/drpy2.min.js",
      "ext": "./lib/芒果视频.js"
    },
    {
      "key": "爱奇艺",
      "name": "奇艺🥇2K",
      "type": 3,
      "api": "./lib/drpy2.min.js",
      "ext": "./lib/爱奇艺.js"
    },
    {
      "key": "瓜子",
      "name": "🍓七月┃2K①",
      "type": 3,
      "api": "csp_GuaziGuard",
      "searchable": 1,
      "quickSearch": 1,
      "filterable": 1,
      "timeout": 10
    },
    {
      "key": "热播",
      "name": "🍓七月┃2K②",
      "type": 3,
      "api": "csp_TianTianGuard",
      "searchable": 1,
      "quickSearch": 1,
      "filterable": 1,
      "ext": {
        "site": 0
      },
      "timeout": 10
    },
    {
      "key": "文才",
      "name": "🍓七月┃2K④",
      "type": 3,
      "api": "csp_JpysGuard",
      "searchable": 1,
      "quickSearch": 1,
      "filterable": 1,
      "timeout": 10
    },
    {
      "key": "小苹果",
      "name": "🍓七月┃2K⑥",
      "type": 3,
      "api": "csp_XpgGuard",
      "searchable": 1,
      "quickSearch": 1,
      "filterable": 1,
      "timeout": 10
    },
    {
      "key": "韩小圈",
      "name": "🎎七月┃韩剧",
      "type": 3,
      "api": "csp_HanXiaoQuanGuard",
      "searchable": 1,
      "quickSearch": 1,
      "filterable": 1
    },
    {
      "key": "动漫巴士",
      "name": "🚌七月┃动漫",
      "type": 3,
      "api": "csp_Dm84Guard",
      "searchable": 1,
      "quickSearch": 1,
      "filterable": 1,
      "timeout": 10
    },
    {
      "key": "急救教学",
      "name": "🏥｜急救｜教学",
      "type": 3,
      "jar": "./lib/svip.jar",
      "api": "csp_FirstAid",
      "searchable": 0,
      "quickSearch": 0,
      "changeable": 0,
      "style": {
        "type": "rect",
        "ratio": 3.8
      },
      "gridview": "0-0-4.1"
    },
    {
      "key": "百科",
      "name": "📚｜百科｜全书",
      "type": 3,
      "api": "csp_Bili",
      "jar": "./lib/百科和地理.jar",
      "searchable": 0,
      "quickSearch": 1,
      "filterable": 1,
      "ext": "./lib/百科.js"
    },
    {
      "key": "地理",
      "name": "🌍｜全球｜地理",
      "type": 3,
      "api": "csp_Bili",
      "jar": "./lib/百科和地理.jar",
      "searchable": 0,
      "quickSearch": 1,
      "filterable": 1,
      "ext": "./lib/地理.js"
    },
    {
      "key": "Bili2",
      "name": "👧｜宝宝｜趣学",
      "type": 3,
      "api": "csp_Bili2",
      "searchable": 0,
      "jar": "./lib/qx.jar",
      "ext": "./lib/video_data.json"
    },
    {
      "key": "相声小品",
      "name": "🛎｜相声｜小品",
      "type": 3,
      "api": "csp_Bili",
      "jar": "./lib/百科和地理.jar",
      "searchable": 0,
      "quickSearch": 1,
      "filterable": 1,
      "ext": "./lib/相声小品.js"
    },
    {
      "key": "梨园",
      "name": "🎭｜戏曲｜梨园",
      "type": 3,
      "api": "./lib/drpy2.min.js",
      "searchable": 1,
      "quickSearch": 1,
      "filterable": 1,
      "ext": "https://image-c.weimobwmc.com/ol-OlSf/983ec95b8248461cad620063864b21cd.jpg"
    },
    {
      "key": "百科",
      "name": "📚｜百科｜全书",
      "type": 3,
      "api": "csp_Bili",
      "jar": "./lib/百科和地理.jar",
      "searchable": 0,
      "quickSearch": 1,
      "filterable": 1,
      "ext": "./lib/百科.js"
    },
    {
      "key": "地理",
      "name": "🌍｜全球｜地理",
      "type": 3,
      "api": "csp_Bili",
      "jar": "./lib/百科和地理.jar",
      "searchable": 0,
      "quickSearch": 1,
      "filterable": 1,
      "ext": "./lib/地理.js"
    },
    {
      "key": "咖啡",
      "name": "全网追剧1",
      "type": 3,
      "api": "csp_KaFeiGuard",
      "searchable": 1,
      "quickSearch": 1,
      "filterable": 1,
      "timeout": 10
    },
    {
      "key": "云云",
      "name": "全网追剧2",
      "type": 3,
      "api": "csp_YunYunGuard",
      "searchable": 1,
      "quickSearch": 1,
      "filterable": 1,
      "timeout": 10
    },
    {
      "key": "雄鹰",
      "name": "全网追剧3",
      "type": 3,
      "api": "csp_XiongYingGuard",
      "searchable": 1,
      "quickSearch": 1,
      "filterable": 1,
      "timeout": 10
    },
    {
      "key": "甜圈短剧",
      "name": "七月短剧",
      "type": 3,
      "api": "csp_TianQuanGuard",
      "searchable": 1,
      "quickSearch": 1,
      "filterable": 1,
      "timeout": 10
    },
    {
      "key": "哔哩哔哩",
      "name": "哔哩｜HD",
      "type": 3,
      "api": "./lib/drpy2.min.js",
      "ext": "./lib/哔哩哔哩.js"
    },
    {
      "key": "优酷视频",
      "name": "优酷｜HD",
      "type": 3,
      "api": "./lib/drpy2.min.js",
      "ext": "http://210.16.160.81:1122/lib/优酷视频.js"
    },
    {
      "key": "push_agent",
      "name": "七月影视",
      "type": 3,
      "api": "csp_Push",
      "searchable": 0,
      "ext": "http://127.0.0.1:9978/file/tvbox/token.txt"
    }
  ],
  "parses": [
    {
      "name": "解析线路①",
      "type": 1,
      "url": "https://t2.qlplayer.cyou/player/analysis.php?v=",
      "ext": {
        "flag": [
          "qq",
          "腾讯",
          "qiyi",
          "爱奇艺",
          "奇艺",
          "youku",
          "优酷",
          "sohu",
          "搜狐",
          "letv",
          "乐视",
          "mgtv",
          "芒果",
          "tnmb",
          "seven",
          "bilibili"
        ],
        "header": {
          "User-Agent": "okhttp/4.9.1"
        }
      }
    },
    {
      "name": "解析②",
      "type": 1,
      "url": "https://zy.qiaoji8.com/xiafan.php?url=",
      "ext": {
        "flag": [
          "QD4K",
          "iyf",
          "duanju",
          "gzcj",
          "GTV",
          "GZYS",
          "weggz",
          "Ace"
        ],
        "header": {
          "User-Agent": "okhttp/4.9.1"
        }
      }
    }
  ],
  "rules": [
    {
      "name": "头条",
      "hosts": [
        "toutiaovod.com"
      ],
      "regex": [
        "video/tos/cn"
      ]
    },
    {
      "name": "火山",
      "hosts": [
        "huoshan.com"
      ],
      "regex": [
        "item_id="
      ]
    },
    {
      "name": "抖音",
      "hosts": [
        "douyin.com"
      ],
      "regex": [
        "is_play_url="
      ]
    },
    {
      "name": "饭团点击",
      "hosts": [
        "dadagui",
        "freeok",
        "dadagui"
      ],
      "script": [
        "document.querySelector(\"#playleft iframe\").contentWindow.document.querySelector(\"#start\").click();"
      ]
    },
    {
      "name": "毛驴点击",
      "hosts": [
        "www.maolvys.com"
      ],
      "script": [
        "document.getElementsByClassName('swal-button swal-button--confirm')[0].click()"
      ]
    },
    {
      "name": "ofiii",
      "hosts": [
        "www.ofiii.com"
      ],
      "script": [
        "const play=document.getElementsByClassName('play_icon')[0],event=new MouseEvent('click',{bubbles:!0,cancelable:!0,view:window,screenX:100,screenY:100,clientX:50,clientY:50,button:0,shiftKey:!1,ctrlKey:!1,altKey:!1,metaKey:!1,modifierState:0});play.dispatchEvent(event);"
      ]
    }
  ],
  "doh": [
    {
      "name": "Google",
      "url": "https://dns.google/dns-query",
      "ips": [
        "8.8.4.4",
        "8.8.8.8"
      ]
    },
    {
      "name": "Cloudflare",
      "url": "https://cloudflare-dns.com/dns-query",
      "ips": [
        "1.1.1.1",
        "1.0.0.1",
        "2606:4700:4700::1111",
        "2606:4700:4700::1001"
      ]
    },
    {
      "name": "AdGuard",
      "url": "https://dns.adguard.com/dns-query",
      "ips": [
        "94.140.14.140",
        "94.140.14.141"
      ]
    },
    {
      "name": "DNSWatch",
      "url": "https://resolver2.dns.watch/dns-query",
      "ips": [
        "84.200.69.80",
        "84.200.70.40"
      ]
    },
    {
      "name": "Quad9",
      "url": "https://dns.quad9.net/dns-quer",
      "ips": [
        "9.9.9.9",
        "149.112.112.112"
      ]
    }
  ],
  "lives": [
    {
      "name": "AI直播",
      "type": 0,
      "url": "http://127.0.0.1:9978/proxy?do=live&url=https://raw.githubusercontent.com/develop202/migu_video/refs/heads/main/interface.txt",
      "playerType": 2,
      "timeout": 10
    },
    {
      "name": "MIGU",
      "type": 0,
      "url": "http://127.0.0.1:9978/proxy?do=live&url=https%3A%2F%2Ffy.188766.xyz%2F%3Fip%3D%26mishitong%3Dtrue%26mima%3Dmianfeidehaimaiqian%26json%3Dtrue",
      "playerType": 2,
      "timeout": 10,
      "ua": "bingcha/1.1"
    },
    {
      "name": "电视Live",
      "type": 0,
      "url": "http://127.0.0.1:9978/proxy?do=live&u=Gather",
      "playerType": 2,
      "ua": "okhttp/3.15",
      "timeout": 10
    },
    {
      "name": "江苏移动",
      "type": 0,
      "url": "http://127.0.0.1:9978/proxy?do=live&url=https://fs-im-kefu.7moor-fs1.com/ly/4d2c3f00-7d4c-11e5-af15-41bf63ae4ea0/1744201662209/jjssyydd.txt",
      "playerType": 2,
      "timeout": 10
    },
    {
      "name": "一起看",
      "type": 3,
      "api": "csp_HuyaGuard",
      "url": "yqk",
      "playerType": 2,
      "timeout": 10
    },
    {
      "name": "肥羊虎牙一起看",
      "type": 0,
      "url": "http://127.0.0.1:9978/proxy?do=live&url=https://sub.ottiptv.cc/huyayqk.m3u",
      "playerType": 2,
      "timeout": 10,
      "ua": "okHttp/Mod-1.4.0.0"
    },
    {
      "name": "肥羊B站直播",
      "type": 0,
      "url": "http://127.0.0.1:9978/proxy?do=live&url=https://sub.ottiptv.cc/bililive.m3u",
      "playerType": 2,
      "timeout": 10,
      "ua": "okHttp/Mod-1.4.0.0"
    },
    {
      "name": "肥羊斗鱼一起看",
      "type": 0,
      "url": "http://127.0.0.1:9978/proxy?do=live&url=https://sub.ottiptv.cc/douyuyqk.m3u",
      "playerType": 2,
      "timeout": 10,
      "ua": "okHttp/Mod-1.4.0.0"
    },
    {
      "name": "肥羊YY轮播",
      "type": 0,
      "url": "http://127.0.0.1:9978/proxy?do=live&url=https://sub.ottiptv.cc/yylunbo.m3u",
      "playerType": 2,
      "timeout": 10,
      "ua": "okHttp/Mod-1.4.0.0"
    }
  ],
  "hosts": [
    "cache.ott.*.itv.cmvideo.cn=base-v4-free-mghy.e.cdn.chinamobile.com",
    "cache.ott.ystenlive.itv.cmvideo.cn=base-v4-free-mghy.e.cdn.chinamobile.com",
    "cache.ott.bestlive.itv.cmvideo.cn=base-v4-free-mghy.e.cdn.chinamobile.com",
    "cache.ott.wasulive.itv.cmvideo.cn=base-v4-free-mghy.e.cdn.chinamobile.com",
    "cache.ott.fifalive.itv.cmvideo.cn=base-v4-free-mghy.e.cdn.chinamobile.com",
    "cache.ott.hnbblive.itv.cmvideo.cn=base-v4-free-mghy.e.cdn.chinamobile.com"
  ],
  "flags": [
    "youku",
    "优酷",
    "优 酷",
    "优酷视频",
    "qq",
    "腾讯",
    "腾 讯",
    "腾讯视频",
    "iqiyi",
    "qiyi",
    "奇艺",
    "爱奇艺",
    "爱 奇 艺",
    "m1905",
    "xigua",
    "letv",
    "leshi",
    "乐视",
    "乐 视",
    "sohu",
    "搜狐",
    "搜 狐",
    "搜狐视频",
    "tudou",
    "pptv",
    "mgtv",
    "芒果",
    "imgo",
    "芒果TV",
    "芒 果 T V",
    "bilibili",
    "哔 哩",
    "哔 哩 哔 哩"
  ],
  "ijk": [
    {
      "group": "软解码",
      "options": [
        {
          "category": 4,
          "name": "opensles",
          "value": "0"
        },
        {
          "category": 4,
          "name": "overlay-format",
          "value": "842225234"
        },
        {
          "category": 4,
          "name": "framedrop",
          "value": "1"
        },
        {
          "category": 4,
          "name": "soundtouch",
          "value": "1"
        },
        {
          "category": 4,
          "name": "start-on-prepared",
          "value": "1"
        },
        {
          "category": 1,
          "name": "http-detect-range-support",
          "value": "0"
        },
        {
          "category": 1,
          "name": "fflags",
          "value": "fastseek"
        },
        {
          "category": 2,
          "name": "skip_loop_filter",
          "value": "48"
        },
        {
          "category": 4,
          "name": "reconnect",
          "value": "1"
        },
        {
          "category": 4,
          "name": "enable-accurate-seek",
          "value": "0"
        },
        {
          "category": 4,
          "name": "mediacodec",
          "value": "0"
        },
        {
          "category": 4,
          "name": "mediacodec-auto-rotate",
          "value": "0"
        },
        {
          "category": 4,
          "name": "mediacodec-handle-resolution-change",
          "value": "0"
        },
        {
          "category": 4,
          "name": "mediacodec-hevc",
          "value": "0"
        },
        {
          "category": 1,
          "name": "dns_cache_timeout",
          "value": "600000000"
        }
      ]
    },
    {
      "group": "硬解码",
      "options": [
        {
          "category": 4,
          "name": "opensles",
          "value": "0"
        },
        {
          "category": 4,
          "name": "overlay-format",
          "value": "842225234"
        },
        {
          "category": 4,
          "name": "framedrop",
          "value": "1"
        },
        {
          "category": 4,
          "name": "soundtouch",
          "value": "1"
        },
        {
          "category": 4,
          "name": "start-on-prepared",
          "value": "1"
        },
        {
          "category": 1,
          "name": "http-detect-range-support",
          "value": "0"
        },
        {
          "category": 1,
          "name": "fflags",
          "value": "fastseek"
        },
        {
          "category": 2,
          "name": "skip_loop_filter",
          "value": "48"
        },
        {
          "category": 4,
          "name": "reconnect",
          "value": "1"
        },
        {
          "category": 4,
          "name": "enable-accurate-seek",
          "value": "0"
        },
        {
          "category": 4,
          "name": "mediacodec",
          "value": "1"
        },
        {
          "category": 4,
          "name": "mediacodec-auto-rotate",
          "value": "1"
        },
        {
          "category": 4,
          "name": "mediacodec-handle-resolution-change",
          "value": "1"
        },
        {
          "category": 4,
          "name": "mediacodec-hevc",
          "value": "1"
        },
        {
          "category": 1,
          "name": "dns_cache_timeout",
          "value": "600000000"
        }
      ]
    }
  ],
  "ads": [
    "static-mozai.4gtv.tv"
  ]
}